{
  "version": "3.80.31058.0",
  "course_id": "6CTPvve5Kzd",
  "title": "EARS scenario",
  "thumbnail": "story_content/thumbnail.jpg",
  "scenes": [
    {
      "title": "Untitled Scene"
    }
  ],
  "slides": [
    {
      "id": "6UUNC5RkxDp",
      "title": "EARS_Scenario",
      "scene_index": "1.1"
    },
    {
      "id": "67RXAhuJX47",
      "title": "2Cfeedback",
      "scene_index": "1.2"
    },
    {
      "id": "6rB95mpnqu1",
      "title": "1bfeedback",
      "scene_index": "1.3"
    },
    {
      "id": "5uj8meojc67",
      "title": "1afeedback",
      "scene_index": "1.4"
    },
    {
      "id": "6O8aeuBDfN1",
      "title": "1cfeedback",
      "scene_index": "1.5"
    },
    {
      "id": "5p2RgxDj2DI",
      "title": "EARSscenario2",
      "scene_index": "1.6"
    },
    {
      "id": "6AYWZPit802",
      "title": "2afeedback",
      "scene_index": "1.7"
    },
    {
      "id": "63mgNn07Oz1",
      "title": "2bfeedback",
      "scene_index": "1.8"
    },
    {
      "id": "6Ccs7ElPANZ",
      "title": "EARSscenario3",
      "scene_index": "1.9"
    },
    {
      "id": "6HsoEAnW8ac",
      "title": "3afeedback",
      "scene_index": "1.10"
    },
    {
      "id": "6ENmC9ktlTE",
      "title": "3bfeedback",
      "scene_index": "1.11"
    },
    {
      "id": "6m9HVQx5Bvf",
      "title": "4afeedback",
      "scene_index": "1.12"
    },
    {
      "id": "6GtDfUN6W4T",
      "title": "4bfeedback",
      "scene_index": "1.13"
    },
    {
      "id": "6QciXvZ6Md0",
      "title": "Puntive_Scenario",
      "scene_index": "1.14"
    },
    {
      "id": "5ZkCzjJfpXA",
      "title": "4cfeedback",
      "scene_index": "1.15"
    },
    {
      "id": "5hToTZhFQ0b",
      "title": "3cfeedback",
      "scene_index": "1.16"
    },
    {
      "id": "6V8H5VC0b9d",
      "title": "EARSscenario4",
      "scene_index": "1.17"
    },
    {
      "id": "6cdYMSl6Xib",
      "title": "Untitled Slide",
      "scene_index": "1.18"
    }
  ],
  "player": {
    "name": "unified",
    "width": 980,
    "height": 658
  },
  "stage": {
    "width": 720,
    "height": 540
  }
}